{
	"format_version": "1.8.0",
	"animations": {
		"animation.model.walking": {
			"loop": true,
			"animation_length": 2,
			"bones": {
				"Anchor": {
					"rotation": {
						"0.0": {
							"vector": [5, 0, 0]
						},
						"0.5": {
							"vector": [4.98107, 0.43523, -4.98107]
						},
						"1.5": {
							"vector": [4.98107, -0.43523, 4.98107]
						},
						"2.0": {
							"vector": [5, 0, 0]
						}
					},
					"position": {
						"0.0": {
							"vector": [0, -0.56, 0]
						},
						"0.25": {
							"vector": [0, -0.18, 0]
						},
						"0.5": {
							"vector": [0, -0.19, 0]
						},
						"1.0": {
							"vector": [0, -0.56, 0]
						},
						"1.25": {
							"vector": [0, -0.18, 0]
						},
						"1.5": {
							"vector": [0, -0.19, 0]
						},
						"2.0": {
							"vector": [0, -0.56, 0]
						}
					}
				},
				"Body": {
					"rotation": {
						"0.0": {
							"vector": [0, 0, 0]
						},
						"0.5": {
							"vector": [0, 0, 2.5]
						},
						"1.5": {
							"vector": [0, 0, -2.5]
						},
						"2.0": {
							"vector": [0, 0, 0]
						}
					}
				},
				"Chest": {
					"rotation": {
						"0.0": {
							"vector": [2.50238, 2.49762, 0.10912]
						},
						"0.5": {
							"vector": [-2.5, 0, 2.5]
						},
						"1.0": {
							"vector": [2.50238, -2.49762, -0.10912]
						},
						"1.5": {
							"vector": [-2.5, 0, -2.5]
						},
						"2.0": {
							"vector": [2.50238, 2.49762, 0.10912]
						}
					}
				},
				"Neak": {
					"rotation": {
						"0.0": {
							"vector": [-5.00474, -2.49048, 0.21803]
						},
						"0.5": {
							"vector": [0, 0, 0]
						},
						"1.0": {
							"vector": [-5.00474, 2.49048, -0.21803]
						},
						"1.5": {
							"vector": [0, 0, 0]
						},
						"2.0": {
							"vector": [-5.00474, -2.49048, 0.21803]
						}
					}
				},
				"Arm1": {
					"rotation": {
						"0.0": {
							"vector": [-19.62165, -4.98093, -8.6822]
						},
						"1.0": {
							"vector": [12.48848, 0.54094, -2.44081]
						},
						"2.0": {
							"vector": [-19.62165, -4.98093, -8.6822]
						}
					}
				},
				"Arm2": {
					"rotation": {
						"0.0": {
							"vector": [-25, 0, 0]
						},
						"0.25": {
							"vector": [-28.75, 0, 0]
						},
						"1.0": {
							"vector": [0, 0, 0]
						},
						"2.0": {
							"vector": [-25, 0, 0]
						}
					}
				},
				"Hend": {
					"rotation": {
						"0.0": {
							"vector": [-5, 0, 0]
						},
						"1.0": {
							"vector": [2.5, 0, 0]
						},
						"2.0": {
							"vector": [-5, 0, 0]
						}
					}
				},
				"Arm3": {
					"rotation": {
						"0.0": {
							"vector": [12.45392, -1.08089, 4.88206]
						},
						"1.0": {
							"vector": [-19.62165, 4.98093, 8.6822]
						},
						"2.0": {
							"vector": [12.45392, -1.08089, 4.88206]
						}
					}
				},
				"Arm4": {
					"rotation": {
						"0.0": {
							"vector": [0, 0, 0]
						},
						"1.0": {
							"vector": [-25, 0, 0]
						},
						"1.25": {
							"vector": [-28.75, 0, 0]
						},
						"2.0": {
							"vector": [0, 0, 0]
						}
					}
				},
				"Hend2": {
					"rotation": {
						"0.0": {
							"vector": [2.5, 0, 0]
						},
						"1.0": {
							"vector": [-5, 0, 0]
						},
						"2.0": {
							"vector": [2.5, 0, 0]
						}
					}
				},
				"Leg1": {
					"rotation": {
						"0.0": {
							"vector": [0, 0, 0]
						},
						"0.5": {
							"vector": [-30.09468, -4.32875, 2.50477]
						},
						"0.75": {
							"vector": [-45, 0, 0]
						},
						"1.0": {
							"vector": [-20, 0, 0]
						},
						"1.5": {
							"vector": [-9.96271, -0.86717, -4.92442]
						},
						"2.0": {
							"vector": [0, 0, 0]
						}
					}
				},
				"Leg2": {
					"rotation": {
						"0.0": {
							"vector": [32.5, 0, 0]
						},
						"0.5": {
							"vector": [76.25, 0, 0]
						},
						"0.75": {
							"vector": [68.13, 0, 0]
						},
						"1.0": {
							"vector": [0, 0, 0]
						},
						"2.0": {
							"vector": [32.5, 0, 0]
						}
					}
				},
				"Boots": {
					"rotation": {
						"0.0": {
							"vector": [0, 0, 0]
						},
						"0.25": {
							"vector": [32.5, 0, 0]
						},
						"0.75": {
							"vector": [7.5, 0, 0]
						},
						"1.0": {
							"vector": [-10, 0, 0]
						},
						"1.25": {
							"vector": [2.25, 0, 0]
						},
						"1.5": {
							"vector": [-10.5, 0, 0]
						},
						"2.0": {
							"vector": [0, 0, 0]
						}
					}
				},
				"Leg3": {
					"rotation": {
						"0.0": {
							"vector": [-20, 0, 0]
						},
						"0.5": {
							"vector": [-9.96271, 0.86717, 4.92442]
						},
						"1.0": {
							"vector": [0, 0, 0]
						},
						"1.5": {
							"vector": [-30.09468, 4.32875, -2.50477]
						},
						"1.75": {
							"vector": [-45, 0, 0]
						},
						"2.0": {
							"vector": [-20, 0, 0]
						}
					}
				},
				"Leg4": {
					"rotation": {
						"0.0": {
							"vector": [0, 0, 0]
						},
						"1.0": {
							"vector": [32.5, 0, 0]
						},
						"1.5": {
							"vector": [76.25, 0, 0]
						},
						"1.75": {
							"vector": [68.13, 0, 0]
						},
						"2.0": {
							"vector": [0, 0, 0]
						}
					}
				},
				"Boots2": {
					"rotation": {
						"0.0": {
							"vector": [-10, 0, 0]
						},
						"0.25": {
							"vector": [2.25, 0, 0]
						},
						"0.5": {
							"vector": [-10.5, 0, 0]
						},
						"0.75": {
							"vector": [-15.25, 0, 0]
						},
						"1.0": {
							"vector": [0, 0, 0]
						},
						"1.25": {
							"vector": [30, 0, 0]
						},
						"2.0": {
							"vector": [-10, 0, 0]
						}
					}
				}
			}
		}
	},
	"geckolib_format_version": 2
}